ID,Acceptor ChainID,Acceptor Protein Type,Acceptor Protein ResID,Substrate ChainID,Substrate Protein Type,Substrate Protein ResID,#Frames,Fraction Frames,Temperature (K)
HlyB Closed Coarse Grain,A,A,253,C,S,22,862,0.011972056,303.15
HlyB Closed Coarse Grain,A,A,327,C,S,19,1093,0.015180345,303.15
HlyB Closed Coarse Grain,A,A,327,C,S,22,22,0.000305551,303.15
HlyB Closed Coarse Grain,A,C,4,C,S,19,5,6.94435E-05,303.15
HlyB Closed Coarse Grain,A,C,4,C,S,22,37,0.000513882,303.15
HlyB Closed Coarse Grain,A,D,8,C,S,15,3,4.16661E-05,303.15
HlyB Closed Coarse Grain,A,D,35,C,Q,13,21504,0.298662519,303.15
HlyB Closed Coarse Grain,A,D,37,C,Q,13,970,0.013472035,303.15
HlyB Closed Coarse Grain,A,D,80,C,Q,13,18,0.000249997,303.15
HlyB Closed Coarse Grain,A,D,80,C,S,15,225,0.003124957,303.15
HlyB Closed Coarse Grain,A,D,250,C,S,19,80,0.001111096,303.15
HlyB Closed Coarse Grain,A,D,250,C,S,22,475,0.006597131,303.15
HlyB Closed Coarse Grain,A,D,320,C,S,22,30,0.000416661,303.15
HlyB Closed Coarse Grain,A,D,328,C,N,17,161,0.00223608,303.15
HlyB Closed Coarse Grain,A,D,328,C,S,19,1922,0.026694074,303.15
HlyB Closed Coarse Grain,A,D,480,C,S,10,1,1.38887E-05,303.15
HlyB Closed Coarse Grain,A,E,79,C,K,3,1,1.38887E-05,303.15
HlyB Closed Coarse Grain,A,E,79,C,Q,13,59,0.000819433,303.15
HlyB Closed Coarse Grain,A,E,79,C,R,6,3507,0.048707657,303.15
HlyB Closed Coarse Grain,A,E,79,C,S,10,507,0.007041569,303.15
HlyB Closed Coarse Grain,A,E,79,C,S,15,87,0.001208317,303.15
HlyB Closed Coarse Grain,A,E,79,C,T,7,1,1.38887E-05,303.15
HlyB Closed Coarse Grain,A,E,102,C,S,19,297,0.004124943,303.15
HlyB Closed Coarse Grain,A,E,102,C,S,22,1,1.38887E-05,303.15
HlyB Closed Coarse Grain,A,E,257,C,S,22,12,0.000166664,303.15
HlyB Closed Coarse Grain,A,F,323,C,S,19,1,1.38887E-05,303.15
HlyB Closed Coarse Grain,A,F,323,C,S,22,75,0.001041652,303.15
HlyB Closed Coarse Grain,A,G,40,C,N,17,65,0.000902765,303.15
HlyB Closed Coarse Grain,A,G,40,C,Q,13,248,0.003444397,303.15
HlyB Closed Coarse Grain,A,G,40,C,S,15,97,0.001347204,303.15
HlyB Closed Coarse Grain,A,G,42,C,Q,13,383,0.005319371,303.15
HlyB Closed Coarse Grain,A,G,42,C,S,10,704,0.009777642,303.15
HlyB Closed Coarse Grain,A,G,42,C,T,7,1,1.38887E-05,303.15
HlyB Closed Coarse Grain,A,G,81,C,N,17,20,0.000277774,303.15
HlyB Closed Coarse Grain,A,G,81,C,S,15,545,0.007569339,303.15
HlyB Closed Coarse Grain,A,G,249,C,S,19,2,2.77774E-05,303.15
HlyB Closed Coarse Grain,A,G,249,C,S,22,214,0.002972181,303.15
HlyB Closed Coarse Grain,A,H,5,C,S,22,198,0.002749962,303.15
HlyB Closed Coarse Grain,A,H,83,C,S,15,64,0.000888877,303.15
HlyB Closed Coarse Grain,A,H,121,C,T,7,1,1.38887E-05,303.15
HlyB Closed Coarse Grain,A,I,7,C,N,17,387,0.005374925,303.15
HlyB Closed Coarse Grain,A,I,7,C,S,15,155,0.002152748,303.15
HlyB Closed Coarse Grain,A,K,6,C,D,20,5450,0.075693393,303.15
HlyB Closed Coarse Grain,A,K,6,C,N,17,182,0.002527743,303.15
HlyB Closed Coarse Grain,A,K,6,C,S,19,652,0.00905543,303.15
HlyB Closed Coarse Grain,A,K,6,C,S,22,505,0.007013791,303.15
HlyB Closed Coarse Grain,A,K,51,C,D,1,44376,0.616324773,303.15
HlyB Closed Coarse Grain,A,K,56,C,D,1,758,0.010527632,303.15
HlyB Closed Coarse Grain,A,K,58,C,D,1,23542,0.326967681,303.15
HlyB Closed Coarse Grain,A,K,58,C,E,5,262,0.003638838,303.15
HlyB Closed Coarse Grain,A,K,58,C,T,7,2,2.77774E-05,303.15
HlyB Closed Coarse Grain,A,K,61,C,E,4,71201,0.988889043,303.15
HlyB Closed Coarse Grain,A,K,62,C,D,1,3279,0.045541034,303.15
HlyB Closed Coarse Grain,A,K,478,C,Q,13,2069,0.028735712,303.15
HlyB Closed Coarse Grain,A,K,478,C,S,10,13,0.000180553,303.15
HlyB Closed Coarse Grain,A,L,41,C,Q,13,141,0.001958306,303.15
HlyB Closed Coarse Grain,A,L,41,C,S,15,11,0.000152776,303.15
HlyB Closed Coarse Grain,A,L,43,C,Q,13,22,0.000305551,303.15
HlyB Closed Coarse Grain,A,L,43,C,S,10,597,0.008291552,303.15
HlyB Closed Coarse Grain,A,L,43,C,S,15,36,0.000499993,303.15
HlyB Closed Coarse Grain,A,L,43,C,T,7,14,0.000194442,303.15
HlyB Closed Coarse Grain,A,N,326,C,F,21,67,0.000930543,303.15
HlyB Closed Coarse Grain,A,N,326,C,S,22,875,0.012152609,303.15
HlyB Closed Coarse Grain,A,N,326,C,Y,23,233,0.003236066,303.15
HlyB Closed Coarse Grain,A,P,479,C,S,10,1,1.38887E-05,303.15
HlyB Closed Coarse Grain,A,Q,59,C,D,1,6758,0.093859808,303.15
HlyB Closed Coarse Grain,A,Q,59,C,E,4,481,0.006680463,303.15
HlyB Closed Coarse Grain,A,Q,59,C,E,5,462,0.006416578,303.15
HlyB Closed Coarse Grain,A,Q,59,C,K,3,998,0.013860919,303.15
HlyB Closed Coarse Grain,A,Q,59,C,L,11,1,1.38887E-05,303.15
HlyB Closed Coarse Grain,A,Q,59,C,R,6,4,5.55548E-05,303.15
HlyB Closed Coarse Grain,A,Q,59,C,T,7,449,0.006236024,303.15
HlyB Closed Coarse Grain,A,Q,59,C,V,2,695,0.009652644,303.15
HlyB Closed Coarse Grain,A,Q,103,C,F,21,860,0.011944279,303.15
HlyB Closed Coarse Grain,A,Q,103,C,S,19,579,0.008041555,303.15
HlyB Closed Coarse Grain,A,Q,103,C,S,22,2198,0.030527354,303.15
HlyB Closed Coarse Grain,A,Q,119,C,E,4,59,0.000819433,303.15
HlyB Closed Coarse Grain,A,Q,119,C,E,5,65,0.000902765,303.15
HlyB Closed Coarse Grain,A,Q,119,C,K,3,1,1.38887E-05,303.15
HlyB Closed Coarse Grain,A,Q,119,C,R,6,439,0.006097138,303.15
HlyB Closed Coarse Grain,A,Q,119,C,S,10,19,0.000263885,303.15
HlyB Closed Coarse Grain,A,Q,119,C,T,7,4,5.55548E-05,303.15
HlyB Closed Coarse Grain,A,Q,330,C,D,20,7641,0.106123526,303.15
HlyB Closed Coarse Grain,A,Q,330,C,F,21,56,0.000777767,303.15
HlyB Closed Coarse Grain,A,Q,330,C,S,19,787,0.010930404,303.15
HlyB Closed Coarse Grain,A,Q,330,C,S,22,568,0.007888779,303.15
HlyB Closed Coarse Grain,A,Q,330,C,Y,23,865,0.012013722,303.15
HlyB Closed Coarse Grain,A,R,82,C,N,17,8,0.00011111,303.15
HlyB Closed Coarse Grain,A,R,82,C,S,19,20,0.000277774,303.15
HlyB Closed Coarse Grain,A,R,247,C,D,20,10847,0.150650685,303.15
HlyB Closed Coarse Grain,A,R,247,C,N,17,474,0.006583242,303.15
HlyB Closed Coarse Grain,A,R,247,C,S,19,100,0.00138887,303.15
HlyB Closed Coarse Grain,A,R,247,C,S,22,108,0.001499979,303.15
HlyB Closed Coarse Grain,A,R,254,C,S,22,5,6.94435E-05,303.15
HlyB Closed Coarse Grain,A,R,317,C,S,19,12,0.000166664,303.15
HlyB Closed Coarse Grain,A,R,317,C,S,22,2,2.77774E-05,303.15
HlyB Closed Coarse Grain,A,R,325,C,N,17,2,2.77774E-05,303.15
HlyB Closed Coarse Grain,A,R,325,C,S,19,179,0.002486077,303.15
HlyB Closed Coarse Grain,A,R,443,C,S,22,329,0.004569381,303.15
HlyB Closed Coarse Grain,A,S,3,C,A,18,93,0.001291649,303.15
HlyB Closed Coarse Grain,A,S,3,C,F,21,430,0.005972139,303.15
HlyB Closed Coarse Grain,A,S,3,C,S,19,2405,0.033402314,303.15
HlyB Closed Coarse Grain,A,S,3,C,S,22,395,0.005486035,303.15
HlyB Closed Coarse Grain,A,S,45,C,L,11,4,5.55548E-05,303.15
HlyB Closed Coarse Grain,A,S,45,C,Q,13,3,4.16661E-05,303.15
HlyB Closed Coarse Grain,A,S,45,C,S,10,4,5.55548E-05,303.15
HlyB Closed Coarse Grain,A,S,324,C,D,20,17,0.000236108,303.15
HlyB Closed Coarse Grain,A,S,324,C,F,21,333,0.004624936,303.15
HlyB Closed Coarse Grain,A,S,324,C,N,17,4,5.55548E-05,303.15
HlyB Closed Coarse Grain,A,S,324,C,S,19,8956,0.124387161,303.15
HlyB Closed Coarse Grain,A,S,324,C,S,22,6546,0.090915404,303.15
HlyB Closed Coarse Grain,A,S,324,C,Y,23,349,0.004847155,303.15
HlyB Closed Coarse Grain,A,S,331,C,A,18,429,0.005958251,303.15
HlyB Closed Coarse Grain,A,S,331,C,D,20,6954,0.096581992,303.15
HlyB Closed Coarse Grain,A,S,331,C,F,21,15,0.00020833,303.15
HlyB Closed Coarse Grain,A,S,331,C,N,17,478,0.006638797,303.15
HlyB Closed Coarse Grain,A,S,331,C,S,19,11594,0.161025541,303.15
HlyB Closed Coarse Grain,A,S,331,C,S,22,267,0.003708282,303.15
HlyB Closed Coarse Grain,A,S,331,C,Y,23,151,0.002097193,303.15
HlyB Closed Coarse Grain,A,S,481,C,A,8,1,1.38887E-05,303.15
HlyB Closed Coarse Grain,A,S,481,C,A,9,177,0.002458299,303.15
HlyB Closed Coarse Grain,A,S,481,C,L,11,2,2.77774E-05,303.15
HlyB Closed Coarse Grain,A,S,481,C,L,12,34,0.000472216,303.15
HlyB Closed Coarse Grain,A,S,481,C,Q,13,321,0.004458271,303.15
HlyB Closed Coarse Grain,A,S,481,C,S,10,7,9.72209E-05,303.15
HlyB Closed Coarse Grain,A,S,481,C,T,7,65,0.000902765,303.15
HlyB Closed Coarse Grain,A,T,36,C,S,15,1,1.38887E-05,303.15
HlyB Closed Coarse Grain,A,T,39,C,G,16,27,0.000374995,303.15
HlyB Closed Coarse Grain,A,T,39,C,L,12,11,0.000152776,303.15
HlyB Closed Coarse Grain,A,T,39,C,L,14,327,0.004541604,303.15
HlyB Closed Coarse Grain,A,T,39,C,N,17,1559,0.021652477,303.15
HlyB Closed Coarse Grain,A,T,39,C,Q,13,14367,0.199538895,303.15
HlyB Closed Coarse Grain,A,T,39,C,S,15,4081,0.056679768,303.15
HlyB Closed Coarse Grain,A,T,44,C,A,8,9,0.000124998,303.15
HlyB Closed Coarse Grain,A,T,44,C,A,9,7,9.72209E-05,303.15
HlyB Closed Coarse Grain,A,T,44,C,D,1,4014,0.055749226,303.15
HlyB Closed Coarse Grain,A,T,44,C,E,4,3,4.16661E-05,303.15
HlyB Closed Coarse Grain,A,T,44,C,E,5,244,0.003388842,303.15
HlyB Closed Coarse Grain,A,T,44,C,K,3,1423,0.019763614,303.15
HlyB Closed Coarse Grain,A,T,44,C,L,11,27,0.000374995,303.15
HlyB Closed Coarse Grain,A,T,44,C,L,12,3,4.16661E-05,303.15
HlyB Closed Coarse Grain,A,T,44,C,Q,13,2,2.77774E-05,303.15
HlyB Closed Coarse Grain,A,T,44,C,S,10,7078,0.09830419,303.15
HlyB Closed Coarse Grain,A,T,44,C,T,7,2727,0.037874474,303.15
HlyB Closed Coarse Grain,A,T,44,C,V,2,441,0.006124915,303.15
HlyB Closed Coarse Grain,A,T,63,C,D,1,17,0.000236108,303.15
HlyB Closed Coarse Grain,A,T,251,C,S,22,7,9.72209E-05,303.15
HlyB Closed Coarse Grain,A,T,338,C,Y,23,1,1.38887E-05,303.15
HlyB Closed Coarse Grain,A,V,252,C,S,22,5,6.94435E-05,303.15
HlyB Closed Coarse Grain,A,V,334,C,S,19,22,0.000305551,303.15
HlyB Closed Coarse Grain,A,W,77,C,S,10,26,0.000361106,303.15
HlyB Closed Coarse Grain,A,W,77,C,T,7,51,0.000708323,303.15
HlyB Closed Coarse Grain,A,Y,9,C,N,17,15,0.00020833,303.15
HlyB Closed Coarse Grain,A,Y,9,C,S,15,115,0.0015972,303.15
HlyB Closed Coarse Grain,A,Y,9,C,S,19,8,0.00011111,303.15
HlyB Closed Coarse Grain,B,A,327,C,S,22,1,1.38887E-05,303.15
HlyB Closed Coarse Grain,B,A,604,C,Q,13,15,0.00020833,303.15
HlyB Closed Coarse Grain,B,D,250,C,S,22,2,2.77774E-05,303.15
HlyB Closed Coarse Grain,B,E,590,C,Q,13,50,0.000694435,303.15
HlyB Closed Coarse Grain,B,E,590,C,R,6,68094,0.945736865,303.15
HlyB Closed Coarse Grain,B,E,590,C,S,10,131,0.001819419,303.15
HlyB Closed Coarse Grain,B,E,590,C,T,7,7,9.72209E-05,303.15
HlyB Closed Coarse Grain,B,E,593,C,Q,13,32,0.000444438,303.15
HlyB Closed Coarse Grain,B,E,593,C,S,10,20,0.000277774,303.15
HlyB Closed Coarse Grain,B,E,601,C,N,17,1178,0.016360884,303.15
HlyB Closed Coarse Grain,B,E,601,C,S,19,10,0.000138887,303.15
HlyB Closed Coarse Grain,B,F,587,C,Q,13,4,5.55548E-05,303.15
HlyB Closed Coarse Grain,B,G,249,C,S,22,1,1.38887E-05,303.15
HlyB Closed Coarse Grain,B,G,600,C,N,17,62,0.000861099,303.15
HlyB Closed Coarse Grain,B,G,600,C,Q,13,1,1.38887E-05,303.15
HlyB Closed Coarse Grain,B,G,600,C,S,15,41,0.000569437,303.15
HlyB Closed Coarse Grain,B,G,605,C,Q,13,3,4.16661E-05,303.15
HlyB Closed Coarse Grain,B,I,598,C,N,17,231,0.003208289,303.15
HlyB Closed Coarse Grain,B,I,598,C,S,15,318,0.004416605,303.15
HlyB Closed Coarse Grain,B,K,322,C,S,22,9,0.000124998,303.15
HlyB Closed Coarse Grain,B,K,322,C,Y,23,10,0.000138887,303.15
HlyB Closed Coarse Grain,B,L,591,C,Q,13,42,0.000583325,303.15
HlyB Closed Coarse Grain,B,N,326,C,F,21,1,1.38887E-05,303.15
HlyB Closed Coarse Grain,B,N,326,C,S,22,629,0.00873599,303.15
HlyB Closed Coarse Grain,B,N,326,C,Y,23,1870,0.025971862,303.15
HlyB Closed Coarse Grain,B,N,556,C,A,18,5,6.94435E-05,303.15
HlyB Closed Coarse Grain,B,N,556,C,D,20,1302,0.018083082,303.15
HlyB Closed Coarse Grain,B,N,556,C,N,17,4209,0.058457521,303.15
HlyB Closed Coarse Grain,B,N,556,C,S,15,1,1.38887E-05,303.15
HlyB Closed Coarse Grain,B,N,556,C,S,19,26,0.000361106,303.15
HlyB Closed Coarse Grain,B,Q,330,C,F,21,3,4.16661E-05,303.15
HlyB Closed Coarse Grain,B,Q,330,C,S,22,5739,0.079707226,303.15
HlyB Closed Coarse Grain,B,Q,330,C,Y,23,6086,0.084526604,303.15
HlyB Closed Coarse Grain,B,Q,602,C,S,19,3,4.16661E-05,303.15
HlyB Closed Coarse Grain,B,R,256,C,D,20,28490,0.395688949,303.15
HlyB Closed Coarse Grain,B,R,256,C,S,19,15,0.00020833,303.15
HlyB Closed Coarse Grain,B,R,256,C,S,22,56,0.000777767,303.15
HlyB Closed Coarse Grain,B,R,256,C,Y,23,4,5.55548E-05,303.15
HlyB Closed Coarse Grain,B,R,557,C,N,17,2,2.77774E-05,303.15
HlyB Closed Coarse Grain,B,R,592,C,Q,13,255,0.003541617,303.15
HlyB Closed Coarse Grain,B,R,592,C,S,10,35,0.000486104,303.15
HlyB Closed Coarse Grain,B,R,592,C,S,15,1328,0.018444188,303.15
HlyB Closed Coarse Grain,B,R,592,C,T,7,2,2.77774E-05,303.15
HlyB Closed Coarse Grain,B,S,331,C,S,22,18,0.000249997,303.15
HlyB Closed Coarse Grain,B,S,331,C,Y,23,328,0.004555492,303.15
HlyB Closed Coarse Grain,B,S,589,C,R,6,173,0.002402744,303.15
HlyB Closed Coarse Grain,B,T,597,C,L,12,175,0.002430522,303.15
HlyB Closed Coarse Grain,B,T,597,C,L,14,1,1.38887E-05,303.15
HlyB Closed Coarse Grain,B,T,597,C,Q,13,1,1.38887E-05,303.15
HlyB Closed Coarse Grain,B,V,599,C,S,15,6,8.33322E-05,303.15
HlyB Closed Coarse Grain,B,Y,363,C,S,22,30,0.000416661,303.15